Dhid,East,North,Elev,TD,Exp_Line,Year
1000,6815.933,66937.941,852.650,71.000,19_s,1958-1961
1001,6473.343,67077.553,841.880,100.100,20_s,1958-1961
1002,3470.251,65592.562,814.790,96.600,30-31_s,1958-1961
1003,4789.455,66113.990,827.930,133.300,27_s,1958-1961
1004,5661.638,68151.575,802.490,98.700,21_n,1958-1961
1005,6355.767,67296.979,832.390,161.000,20_s,1958-1961
1006,4895.895,65922.014,830.070,67.700,27_s,1958-1961
1007,6269.265,66911.367,843.100,108.100,21_s,1958-1961
1008,6123.797,67211.873,831.830,172.000,21_s,1958-1961
1009,6123.146,66648.646,843.180,77.200,22_s,1958-1961
1010,8331.826,68146.881,822.520,100.000,10_n,1958-1961
1011,5971.963,67530.459,818.940,184.000,21_s,1958-1961
1012,8601.622,68125.505,823.950,89.600,9_n,1958-1961
1013,8465.255,68137.384,823.340,98.000,9-10_n,1958-1961
1014,8507.161,68045.765,826.030,128.400,9-10_n,1958-1961
1015,5999.401,66892.350,837.080,137.500,22_s,1958-1961
1016,7607.383,67641.047,824.420,110.300,14_s,1958-1961
1017,5813.230,66683.788,839.840,131.600,23_s,1958-1961
1018,7978.103,68203.252,818.220,85.600,12_n,1958-1961
1019,3563.384,65794.662,812.970,111.000,30_s,1958-1961
1020,5904.450,66501.857,843.130,59.000,23_s,1958-1961
1021,5520.531,67321.628,820.020,180.300,23_n,1958-1961
1022,5665.356,67003.849,830.490,163.000,23_s,1958-1961
1023,5368.245,68193.986,800.860,63.000,22_n,1958-1961
1024,6290.279,68504.219,804.910,61.200,19_n,1958-1961
1025,5628.541,68213.227,802.400,81.000,21_n,1958-1961
1026,6449.990,68510.74,805.950,60.600,18-19_n,1958-1961
1026d,6451.69,68507.12,805.84,60.00,18-19_n,1977
1027,5815.261,68399.579,802.990,55.000,20_n,1958-1961
1028,6612.185,68517.06,807.200,59.200,18_n,1958-1961
1028d,6617.78,68515.73,806.85,60.00,18_n,1977
1029,5593.200,68275.980,801.860,61.700,21_n,1958-1961
1029d,5594.32,68276.13,801.48,61.700,21_n,1977
1030,6842.687,68315.991,809.380,96.100,17-18_n,1958-1961
1030a,6848.53,68346.35,808.96,65.00,17-18_n,1977
1031,6850.903,68082.453,811.110,125.500,17-18_n,1958-1961
1032,6850.471,67831.334,815.420,138.000,17-18_n,1958-1961
1033,6116.738,68284.898,804.660,95.100,19-20_n,1958-1961
1034,6475.433,67718.937,816.670,168.200,19_n,1958-1961
1035,6072.779,68406.148,804.240,70.000,19-20_n,1958-1961
1036,6474.846,68259.539,807.370,88.000,18-19_n,1958-1961
1037,7192.640,68379.176,810.850,85.000,16_n,1958-1961
1037a,7194.17,68382.80,810.60,57.60,16_n,1977
1038,7061.510,68420.624,810.240,84.400,17_n,1958-1961
1038d,7066.04,68424.26,809.87,58.20,17_n,1977
1039,7465.148,68256.981,813.540,80.000,14-15_n,1958-1961
1040,7177.425,67982.891,813.940,119.500,16_n,1958-1961
1042,7797.502,68180.219,816.820,87.500,13_n,1958-1961
1042d,7797.64,68183.27,816.820,76.80,13_n,1977
1043,8128.386,68146.212,820.830,100.400,11_n,1958-1961
1044,7970.206,67904.863,822.920,139.700,12_n,1958-1961
1045,3657.164,65543.858,818.500,78.000,30_s,1958-1961
1046,3853.894,65614.288,820.440,79.700,29-30_s,1958-1961
1047,8771.419,68051.589,828.560,102.000,8-9_n,1958-1961
1048,6867.591,66837.885,857.190,41.400,19_s,1958-1961
1049,8893.857,68065.519,828.680,89.000,8_n,1958-1961
1050,4019.087,65774.701,818.170,78.000,29_s,1958-1961
1051,6961.750,66921.000,856.230,48.400,18-19_s,1958-1961
1051d,6967.93,66911.50,856.26,48.00,18-19_s,1977
1052,7065.645,67016.667,857.890,57.500,18_s,1958-1961
1053,9027.522,68072.740,829.460,84.700,7-8_n,1958-1961
1054,7266.080,67014.898,852.950,42.300,17_s,1958-1961
1055,9267.253,68172.798,827.900,70.000,6-7_n,1958-1961
1056,7374.452,67111.713,847.540,46.300,16_s,1958-1961
1057,9366.878,68252.125,826.840,57.000,6_n,1958-1961
1058,10134.656,67984.190,838.810,103.300,3-4_s,1958-1961
1059,9494.641,68296.232,826.460,53.000,5-6_n,1958-1961
1060,9626.431,68339.353,826.490,49.300,5_n,1958-1961
1061,10047.700,67899.045,847.850,114.200,4_s,1958-1961
1062,9733.515,68375.171,826.140,57.000,4-5_n,1958-1961
1063,9930.984,67866.783,852.380,124.500,4-5_s,1958-1961
1064,9824.546,67836.367,858.070,134.700,5_s,1958-1961
1065,9327.082,67556.566,879.810,87.300,7-8_s,1958-1961
1066,9170.368,67576.592,862.360,86.300,8_s,1958-1961
1067,8974.709,67666.232,848.010,79.000,8-9_s,1958-1961
1068,8786.060,67464.966,850.650,92.000,9-10_s,1958-1961
1069,9024.854,67576.608,853.510,76.100,8-9_s,1958-1961
1070,9487.896,67549.343,902.940,117.300,7_s,1958-1961
1071,10078.229,67825.508,854.620,117.000,4_s,1958-1961
1072,9869.648,67715.321,878.330,133.200,5_s,1958-1961
1073,9642.372,67655.291,892.100,121.000,6_s,1958-1961
1074,10302.309,67890.123,841.530,96.000,3_s,1958-1961
1075,10118.045,67723.298,865.880,104.700,4_s,1958-1961
1077,9857.240,68388.152,827.150,65.400,4_n,1958-1961
1078,9555.366,68161.055,831.060,59.100,5-6_n,1958-1961
1081,9979.759,68424.222,827.720,64.400,3-4_n,1958-1961
1082,8728.284,67265.148,854.580,61.800,10_s,1958-1961
1083,8510.170,67307.930,847.370,68.000,10-11_s,1958-1961
1083d,8494.91,67317.94,847.00,62.4,10-11_s,1977
1084,8832.880,67374.308,853.640,69.600,9-10_s,1958-1961
1085,8476.360,67403.845,843.620,89.000,10-11_s,1958-1961
1086,7917.16,67225.22,842.640,51.600,13_s,1958-1961
1086a,7910.19,67230.76,842.450,55.90,13_s,1977
1087,7500.106,67064.882,850.210,31.000,15_s,1958-1961
1088,8065.542,67203.533,844.840,43.500,12_s,1958-1961
1089,7765.99,67189.72,843.560,41.500,14_s,1958-1961
1089d,7765.87,67192.33,843.24,41.84,14_s,1977
1090,6568.59,66904.63,848.83,77.400,20_s,1958-1961
1090k,6568.87,66911.56,848.56,77.40,20_s,1977
1091,6336.180,66774.732,846.320,64.000,21_s,1958-1961
1092,5857.137,66595.142,841.730,88.000,23_s,1958-1961
1093,6673.695,67239.872,836.840,81.000,19_s,1958-1961
1093d,6663.94,67250.39,836.11,46.000,19_s,1977
1094,6195.096,67066.945,838.110,141.000,21_s,1958-1961
1095,6441.357,67129.248,839.580,56.100,20_s,1958-1961
1096,5154.139,68074.865,800.140,71.700,23_n,1958-1961
1097,5458.260,66856.958,831.910,153.500,24_s,1958-1961
1098,5110.064,68166.594,799.470,48.800,23_n,1958-1961
1099,4646.777,67884.922,800.610,48.500,25_n,1958-1961
1100,5475.496,67965.795,804.430,139.300,22_n,1958-1961
1101,4918.321,67981.452,799.570,48.000,24_n,1958-1961
1101d,4917.93,67980.43,799.74,48.000,24_n,1977
1102,5370.365,67637.231,809.900,183.200,23_n,1958-1961
1103,7401.362,67535.297,826.970,87.000,15_s,1958-1961
1104,3128.650,66890.394,797.620,120.000,30_n,1958-1961
1105,4899.140,67350.810,810.060,185.500,25_n,1958-1961
1106,6608.787,66825.883,851.480,65.000,20_s,1958-1961
1107,2019.160,65109.670,804.150,91.500,35_s,1958-1961
1107a,2032.56,65113.37,804.93,70.10,35_s,1977
1108,5567.783,66623.154,838.340,136.100,24_s,1958-1961
1109,4411.373,67651.680,801.310,61.200,26_n,1958-1961
1110,4056.225,67457.305,801.470,73.300,27_n,1958-1961
1111,5688.676,66367.309,840.820,52.500,24_s,1958-1961
1112,5307.938,66557.082,831.270,136.100,25_s,1958-1961
1113,5186.441,66776.432,827.270,154.600,25_s,1958-1961
1114,5465.706,66291.327,825.740,54.000,25_s,1958-1961
1114d,5465.64,66292.25,825.99,54.10,25_s,1977
1115,5240.680,66202.233,822.000,57.500,26_s,1958-1961
1115d,5237.45,66190.22,822.39,51.00,26_s,1977
1116,5047.579,66098.278,828.680,97.500,26-27_s,1958-1961
1117,4849.628,66005.003,829.420,81.200,27_s,1958-1961
1117d,4849.11,66004.99,829.85,73.40,27_s,1977
1118,4704.020,66267.127,825.380,134.000,27_s,1958-1961
1119,3293.493,67340.281,796.260,46.800,29_n,1958-1961
1120,2806.649,66913.955,794.160,110.100,31_n,1958-1961
1121,4699.284,67771.982,802.300,82.600,25_n,1958-1961
1122,4636.807,65927.479,827.160,75.600,27-28_s,1958-1961
1122d,4634.46,65923.86,827.66,63.80,27-28_s,1977
1123,3747.508,67219.91,801.110,96.80,28_n,1973-1975
1123k,3746.89,67215.93,801.02,101.00,28_n,1977
1124,4433.678,65843.677,824.300,67.000,28_s,1958-1961
1125,5258.233,67857.560,804.230,151.300,23_n,1958-1961
1126,4226.775,65808.673,820.850,74.400,28-29_s,1958-1961
1127,4665.824,67111.475,807.810,182.200,26_n,1958-1961
1128,3390.517,65364.591,818.390,74.000,31_s,1958-1961
1128d,3395.21,65365.71,818.38,66.50,31_s,1977
1129,2750.310,65182.990,812.660,63.800,33_s,1958-1961
1129a,2757.98,65190.05,812.48,65.20,33_s,1977
1130,2216.791,65543.756,800.550,121.200,34_s,1958-1961
1131,3858.846,66106.387,812.210,152.800,29_s,1958-1961
1132,4473.440,67515.933,802.820,110.100,26_n,1958-1961
1133,4922.431,66739.232,818.080,151.400,26_s,1958-1961
1134,1839.00,65071.71,808.68,107.00,35-36_s,1958-1961
190,3081.701,67001.046,796.290,96.300,30_n,1958-1961
199,7228.858,67555.435,825.540,99.000,16_s,1958-1961
200,3452.487,66093.671,808.100,150.000,30_s,1958-1961
2001,2112.730,65365.271,801.210,102.000,34-35_s,1973-1975
2002,2149.047,65300.794,802.530,93.500,34-35_s,1973-1975
2003,2197.641,65216.153,803.870,81.000,34-35_s,1973-1975
2004,2276.404,65415.495,802.090,93.700,34_s,1973-1975
2005,2459.612,65449.691,804.200,99.000,33-34_s,1973-1975
2006,2493.671,65376.145,805.700,86.800,33-34_s,1973-1975
2007,2558.481,65242.040,808.220,75.200,33-34_s,1973-1975
2008,2657.066,65413.761,807.870,95.800,33_s,1973-1975
2009,2834.575,65411.014,809.990,90.000,32-33_s,1973-1975
201,9132.397,68211.028,824.830,57.400,7_n,1958-1961
2010,2895.320,65278.677,813.230,77.800,32-33_s,1973-1975
2011,2914.528,65215.040,814.280,71.000,32-33_s,1973-1975
2012,2893.175,65682.107,807.360,121.800,32_s,1973-1975
2013,2961.046,65538.178,810.200,103.200,32_s,1973-1975
2014,3135.996,65584.612,811.030,97.000,31-32_s,1973-1975
2015,3195.664,65434.748,814.680,102.500,31-32_s,1973-1975
2016,3229.677,65340.820,816.510,84.200,31-32_s,1973-1975
2017,3290.899,65642.719,812.160,103.000,31_s,1973-1975
2018,3524.601,65459.964,817.690,76.600,30-31_s,1973-1975
2019,3433.527,65721.971,812.140,111.700,30-31_s,1973-1975
202,4540.139,67380.992,805.110,164.000,26_n,1958-1961
2020,3756.251,65855.075,814.820,110.000,29-30_s,1973-1975
2021,3798.262,65753.195,816.150,97.200,29-30_s,1973-1975
2022,4101.864,66083.937,816.800,135.300,28-29_s,1973-1975
2023,4165.116,65932.193,817.960,96.600,28-29_s,1973-1975
2024,4293.109,66117.771,819.980,143.000,28_s,1973-1975
2025,4390.399,65923.553,822.000,90.000,28_s,1973-1975
2026,4518.277,66147.317,823.780,126.900,27-28_s,1973-1975
2027,4540.932,66102.744,824.070,136.100,27-28_s,1973-1975
2028,4919.685,66330.670,822.590,125.600,26-27_s,1973-1975
2029,4980.862,66222.528,825.260,126.200,26-27_s,1973-1975
203,7509.942,66957.143,853.220,16.200,15_s,1958-1961
2030,4596.300,67264.080,807.310,194.200,26_n,1973-1975
2031,4728.537,67052.430,810.520,165.000,26_n,1973-1975
2032,4860.289,66840.486,818.820,155.000,26_s,1973-1975
2033,4995.189,66626.217,813.480,141.000,26_s,1973-1975
2034,5129.445,66384.625,817.620,127.700,26_s,1973-1975
2035,5301.14,66110.06,822.81,48.00,26_s,1973-1975
2036,4541.529,67742.898,801.660,54.300,25-26_n,1973-1975
2037,4588.199,67626.469,802.580,106.300,25-26_n,1973-1975
2040,4790.134,67606.388,804.050,159.600,25_n,1973-1975
2041,5243.418,66673.431,833.090,149.000,25_s,1973-1975
2043,5358.842,66475.298,833.180,101.100,25_s,1973-1975
2044,5408.416,66396.243,830.980,118.800,25_s,1973-1975
2045,4785.994,67951.981,800.380,45.400,24-25_n,1973-1975
2046,4838.266,67828.733,801.830,87.400,24-25_n,1973-1975
2047,4890.204,67710.191,802.970,144.000,24-25_n,1973-1975
2048,5449.412,66586.104,837.780,137.200,24-25_s,1973-1975
2049,5499.864,66478.715,837.700,123.200,24-25_s,1973-1975
205,5076.973,66495.774,815.550,136.100,26_s,1958-1961
2050,5552.685,66372.452,837.940,80.600,24-25_s,1973-1975
2051,5033.959,67769.975,803.550,150.700,24_n,1973-1975
2053,5601.523,66549.712,839.560,127.300,24_s,1973-1975
2054,5664.627,66422.242,843.670,71.000,24_s,1973-1975
2055,4979.236,68145.582,798.650,45.000,23-24_n,1973-1975
2056,5040.974,68018.970,799.820,62.200,23-24_n,1973-1975
2057,5089.521,67915.277,801.400,110.300,23-24_n,1973-1975
2059,5634.483,66772.731,836.110,147.600,23-24_s,1973-1975
2060,5690.740,66655.538,839.400,137.600,23-24_s,1973-1975
2061,5761.798,66533.987,842.350,86.000,23-24_s,1973-1975
2062,5210.656,67960.509,801.880,103.500,23_n,1973-1975
2064,5761.315,66793.319,837.520,143.900,23_s,1973-1975
2065,5219.763,68215.975,800.170,48.200,22-23_n,1973-1975
2066,5287.892,68082.504,801.420,86.300,22-23_n,1973-1975
2067,5335.946,67980.249,802.890,136.000,22-23_n,1973-1975
2069,5843.310,66899.575,834.960,142.300,22-23_s,1973-1975
2070,5916.347,66772.275,838.800,135.300,22-23_s,1973-1975
2071,5971.153,66682.187,841.090,123.800,22-23_s,1973-1975
2072,5574.040,67759.580,809.700,174.700,22_n,1973-1975
2073,5865.859,67151.783,828.970,175.500,22_s,1973-1975
2074,5956.234,66964.493,834.930,142.000,22_s,1973-1975
2075,6047.679,66818.624,840.070,123.300,22_s,1973-1975
2076,6103.929,66693.821,842.450,73.700,22_s,1973-1975
2077,5481.786,68216.721,801.360,71.500,21-22_n,1973-1975
2078,5523.502,68124.194,801.760,93.700,21-22_n,1973-1975
2079,5579.520,68019.327,803.810,130.000,21-22_n,1973-1975
2081,6104.754,66979.267,838.020,139.900,21-22_s,1973-1975
2082,6149.562,66880.697,840.900,117.900,21-22_s,1973-1975
2083,6216.060,66770.541,843.080,108.500,21-22_s,1973-1975
2084,5723.977,68015.295,804.910,139.500,21_n,1973-1975
2085,6234.010,66983.020,840.040,124.200,21_s,1973-1975
2086,5730.683,68278.727,802.030,71.300,20-21_n,1973-1975
2087,5786.714,68173.928,803.530,105.200,20-21_n,1973-1975
2088,5847.710,68066.560,804.080,124.400,20-21_n,1973-1975
2089,5921.389,67936.511,807.240,170.000,20-21_n,1973-1975
2090,6342.124,67061.507,839.670,110.000,20-21_s,1973-1975
2091,6397.906,66957.432,844.230,88.400,20-21_s,1973-1975
2092,6513.896,66794.495,849.940,57.600,20-21_s,1973-1975
2094,5967.151,68345.908,803.370,70.600,20a_n,1973-1975
2095,6153.952,68188.265,805.220,115.000,19-20_n,1973-1975
2097,6573.452,67154.263,840.290,92.000,19-20_s,1973-1975
2098,6632.870,67041.416,845.300,79.100,19-20_s,1973-1975
2099,6702.190,66921.429,850.880,67.200,19-20_s,1973-1975
2100,6764.899,67042.559,847.770,77.600,19_s,1973-1975
2102,6344.040,68286.281,806.180,95.400,19_n,1973-1975
2103,6352.243,68174.855,806.730,108.400,19_n,1973-1975
2104,6487.949,68136.633,808.250,105.000,18-19_n,1973-1975
2105,6866.113,67128.144,844.380,68.800,18-19_s,1973-1975
2106,6914.702,67027.451,849.960,57.700,18-19_s,1973-1975
2107,6462.742,68373.060,806.620,89.000,18-19_n,1973-1975
2108,6932.752,67279.722,836.810,73.200,18_s,1973-1975
2109,6718.835,68460.347,809.020,77.200,18a_n,1973-1975
2110,6740.060,68334.036,808.330,95.300,18a_n,1973-1975
2111,6738.950,68219.541,807.870,106.400,18a_n,1973-1975
2112,6848.925,68216.994,810.010,111.300,17-18_n,1973-1975
2113,7033.730,67881.862,814.230,129.400,17_n,1973-1975
2114,7087.498,67569.214,825.100,113.100,17_s,1973-1975
2115,7146.674,67424.878,831.540,89.000,17_s,1973-1975
2116,7213.288,67209.270,842.030,67.000,17_s,1973-1975
2118,6952.151,68410.061,809.410,84.400,17a_n,1973-1975
2119,6950.801,68278.567,810.380,114.800,17a_n,1973-1975
2120,6938.601,68153.486,810.670,116.500,17a_n,1973-1975
2121,7749.069,67103.834,847.980,25.000,14_s,1973-1975
2122,7060.293,68490.548,809.440,73.400,17_n,1973-1975
2123,7181.032,68257.827,811.200,109.700,16_n,1973-1975
2124,7177.302,68134.867,811.770,108.500,16_n,1973-1975
2125,7264.758,67412.916,832.830,68.600,16_s,1973-1975
2126,7327.731,67266.946,838.960,56.000,16_s,1973-1975
2127,7397.380,66979.858,854.980,39.500,16_s,1973-1975
2128,7183.938,68464.427,810.530,65.000,16_n,1973-1975
2129,7326.991,68182.767,811.940,91.000,15_n,1973-1975
2130,7452.517,67422.206,832.340,61.300,15_s,1973-1975
2131,7467.129,68333.811,812.360,78.000,14-15_n,1973-1975
2132,7469.210,68161.765,813.700,99.800,14-15_n,1973-1975
2133,7464.219,68055.824,815.190,115.000,14-15_n,1973-1975
2134,7619.062,67112.103,847.550,32.500,14-15_s,1973-1975
2135,7780.137,67407.817,835.700,83.000,13-14_s,1973-1975
2136,7912.263,67131.432,846.760,42.300,13_s,1973-1975
2137,7854.376,67424.275,834.610,83.500,13_s,1973-1975
2138,7987.415,67390.600,836.770,88.100,12_s,1973-1975
2139,8064.932,67462.317,835.090,90.400,11-12_s,1973-1975
2140,8148.306,67402.866,837.890,85.300,11-12_s,1973-1975
2141,8182.874,67305.920,842.020,62.000,11-12_s,1973-1975
2142,8284.067,67528.682,836.100,113.000,11_s,1973-1975
2143,8225.952,68138.119,821.710,99.100,10-11_n,1973-1975
2144,8240.417,68028.905,824.140,147.200,10-11_n,1973-1975
2145,8431.900,67507.301,840.140,108.800,10-11_s,1973-1975
2146,8442.204,68190.083,821.680,84.600,9-10_n,1973-1975
2147,8415.042,67965.443,827.280,109.800,10_n,1973-1975
2148,8487.080,67825.416,832.220,123.300,10_s,1973-1975
2149,8625.747,67440.968,846.990,96.000,10_s,1973-1975
2150,8549.733,67942.546,829.350,97.700,9-10_n,1973-1975
2151,8737.617,67571.727,846.960,99.200,9-10_s,1973-1975
2154,8821.284,67680.268,844.320,92.600,9_s,1973-1975
2155,8747.347,68126.985,825.210,91.200,8-9_n,1973-1975
2158,8866.585,68143.110,825.300,72.600,8_n,1973-1975
2159,8978.270,67876.033,837.510,136.400,8_n,1973-1975
2160,9070.643,67727.699,848.110,83.800,8_s,1973-1975
2162,9012.106,68143.564,826.300,92.400,7-8_n,1973-1975
2163,9061.125,67989.579,834.070,110.000,7-8_n,1973-1975
2164,9280.681,67649.237,865.660,86.600,7-8_s,1973-1975
2165,9141.922,68131.677,827.330,73.000,7_n,1973-1975
2167,9267.497,68098.467,830.460,85.400,6-7_n,1973-1975
2168,9526.536,67672.782,881.630,112.000,6-7_s,1973-1975
2170,9457.127,68070.798,832.940,128.500,6_n,1973-1975
2171,9542.538,67850.575,855.950,50.000,6_s,1973-1975
2173,9531.650,68215.544,828.600,92.200,5-6_n,1973-1975
2174,9708.459,67808.237,862.280,143.800,5-6_s,1973-1975
2175,9741.035,67706.769,882.410,126.100,5-6_s,1973-1975
2177,9670.858,68156.800,831.030,104.500,5_n,1973-1975
2178,9636.618,67962.263,843.970,128.700,5-6_s,1973-1975
2179,9806.913,67875.359,851.230,125.900,5_s,1973-1975
2180,9845.002,67810.317,859.630,139.000,5_s,1973-1975
2181,9759.222,68290.151,827.400,91.100,4-5_n,1973-1975
2182,9950.843,67833.831,855.180,126.100,4-5_s,1973-1975
2183,9975.597,68065.005,834.950,119.300,4_s,1973-1975
2188,10169.313,67901.265,843.260,113.200,3-4_s,1973-1975
2189,10192.270,67826.934,849.840,106.000,3-4_s,1973-1975
2190,10122.955,68358.222,829.640,76.800,3_n,1973-1975
2191,10505.022,68127.066,832.810,86.900,2_s,1973-1975
2192,10511.869,68049.282,833.940,91.600,2_s,1973-1975
2193,4232.053,67549.111,801.350,74.500,26-27_n,1973-1975
2194,4289.580,67416.229,802.620,107.000,26-27_n,1973-1975
2196,4114.687,67284.276,803.180,119.600,27_n,1973-1975
2198,3837.589,67437.628,798.830,60.200,27-28_n,1973-1975
2199,3917.855,67308.256,801.200,86.600,27-28_n,1973-1975
2200,3991.490,67181.528,803.190,133.000,27-28_n,1973-1975
2201,3457.231,67395.163,797.320,48.300,28-29_n,1973-1975
2202,3523.582,67261.757,799.310,71.500,28-29_n,1973-1975
2203,3571.097,67174.340,800.310,97.300,28-29_n,1973-1975
2204,3408.782,67091.915,799.010,101.200,29_n,1973-1975
2205,3454.850,66984.136,800.560,115.500,29_n,1973-1975
2206,3105.200,67368.952,794.020,49.000,29-30_n,1973-1975
2207,3159.275,67236.838,795.670,71.800,29-30_n,1973-1975
2208,3208.713,67129.692,797.450,100.500,29-30_n,1973-1975
2209,2757.711,67028.915,792.810,85.600,31_n,1973-1975
2210,2900.071,66690.879,795.880,157.100,31_n,1973-1975
2211,2605.27,67468.11,789.71,56.20,31_n,1973-1975
2214,2420.84,65118.09,808.13,75.00,34_s,1973-1975
2220,3047.752,67476.850,792.970,42.000,29-30_n,1973-1975
2225,3391.880,67500.603,795.960,39.000,28-29_n,1973-1975
2232,2196.726,66388.862,792.600,158.600,33_n,1973-1975
2234,2792.14,65076.29,814.70,67.00,33_s,1973-1975
2237,3725.43,65358.29,822.98,64.00,30_s,1973-1975
2241,4194.172,67642.453,800.100,40.300,26-27_n,1973-1975
2243,4376.531,67748.479,800.120,37.900,26_n,1973-1975
2245,3912.160,65486.93,822.860,52.400,29-30_s,1973-1975
2246,4826.267,68183.506,798.420,54.000,24_n,1973-1975
2249,4280.334,65697.289,822.540,53.000,28-29_s,1973-1975
2253,5069.195,68248.727,798.970,58.700,23_n,1973-1975
2254,5547.185,68351.315,801.260,56.000,21_n,1973-1975
2256d,5352.22,66263.77,818.530,54.800,25-26_s,1977
2257,5496.058,66195.321,820.380,46.300,25_s,1973-1975
2258,5706.927,66316.727,843.820,46.400,24_s,1973-1975
2260,5144.227,65928.952,830.510,50.000,26-27_s,1973-1975
2261,6038.731,68208.888,804.480,105.000,20a_n,1973-1975
2262,6036.619,68520.948,803.670,67.500,19-20_n,1973-1975
2263,6186.664,68380.824,804.370,81.700,19a_n,1973-1975
2264,6248.696,68204.934,805.590,108.000,19a_n,1973-1975
2265,6620.79,68192.94,809.10,120.30,18_n,1973-1975
2265d,6617.14,68211.37,809.07,60.10,18_n,1977
2266,6725.966,68539.823,807.910,56.500,18a_n,1973-1975
2267,6814.912,67256.377,837.140,74.400,18-19_s,1973-1975
2268,6413.872,66669.079,848.570,51.000,21_s,1973-1975
2269a,6921.92,67969.23,811.310,76.100,17a_n,1977
2269b,6913.73,68050.06,811.4,116.00,17a_n,1977
2270,6867.37,68639.28,808.53,70.00,17-18_n,1973-1975
2272,7339.615,68504.821,811.210,50.000,15_n,1973-1975
2273,7606.065,68399.363,813.040,66.000,14_n,1973-1975
2274,7694.180,68193.604,815.490,87.000,13-14_n,1973-1975
2275,7804.082,68328.071,815.530,68.500,13_n,1973-1975
2276,6938.940,67684.175,819.930,132.200,17a_n,1973-1975
2277,6933.712,67881.268,814.860,136.000,17a_n,1973-1975
2278,6955.927,67540.922,824.910,115.800,17a_n,1973-1975
2281,9298.918,68377.003,824.090,52.000,6_n,1973-1975
2282,7887.618,68187.883,817.390,91.500,12-13_n,1973-1975
2287,2397.162,65575.902,801.740,62.700,33-34_s,1973-1975
2288,2550.783,65631.087,803.570,62.700,33_n,1973-1975
2290,2777.065,65530.775,808.070,102.000,32-33_s,1973-1975
2296,7873.024,68039.073,819.030,80.000,12-13_n,1973-1975
2299,7682.176,68050.326,817.130,60.500,13-14_n,1973-1975
2331,3553.722,65381.557,819.790,68.000,30-31_s,1973-1975
2341,3261.376,67421.070,794.950,40.000,29_n,1973-1975
2342,3977.772,65865.651,815.970,105.000,29_s,1973-1975
2344,3600.916,67492.602,796.920,41.100,28_n,1973-1975
2346,3858.173,67007.806,804.650,48.000,28_n,1973-1975
2352,4570.272,66444.565,821.850,52.100,27_s,1973-1975
2354,4740.053,66195.263,826.000,60.000,27_s,1973-1975
2359,4448.865,67602.447,802.170,43.300,26_n,1973-1975
2360,5210.807,66407.56,816.140,60.000,25-26_s,1973-1975
2360a,5208.27,66403.56,816.03,43.30,25-26_s,1977
2361,4884.963,68025.166,799.560,38.500,24_n,1973-1975
2362,4942.342,67913.098,800.860,81.000,24_n,1973-1975
2367,5880.475,66556.450,842.190,78.000,23_s,1973-1975
2368,5337.356,68258.257,800.270,48.000,22_n,1973-1975
2369,5444.575,68024.225,802.680,52.700,22_n,1973-1975
2373,6311.139,66833.850,844.870,98.500,21_s,1973-1975
2377,6838.839,66895.505,854.260,52.000,19_s,1973-1975
2381,6621.908,68430.708,807.380,81.500,18_n,1973-1975
2382,6674.442,67991.925,810.940,141.700,18_n,1973-1975
2383,6728.311,67783.147,815.530,120.300,18_n,1973-1975
2385,6854.897,67468.336,827.580,118.000,18_s,1973-1975
2386,7097.651,66957.841,855.370,47.300,18_s,1973-1975
2387,6851.852,67962.927,812.470,139.400,17-18_n,1973-1975
2388,6935.622,67768.230,817.220,95.300,17a_n,1973-1975
2389,6945.047,67620.583,822.480,84.000,17a_n,1973-1975
2390,6946.585,67445.544,830.300,50.200,17a_n,1973-1975
2392,7059.268,68346.548,810.570,92.000,17_n,1973-1975
2393,7285.252,66944.541,857.070,43.900,17_s,1973-1975
2395,7139.320,67887.487,815.790,90.500,16_n,1973-1975
2396,7172.012,67636.442,822.370,111.200,16_s,1973-1975
2397,7358.852,67180.090,843.330,72.500,16_s,1973-1975
2400,7500.908,67215.725,842.090,57.400,15_s,1973-1975
2401,7503.689,66986.814,854.290,20.600,15_s,1973-1975
2403,7609.547,68184.793,814.670,86.400,14_n,1973-1975
2404,7606.113,68082.831,815.350,59.300,14_n,1973-1975
2406,7705.969,67360.856,834.950,85.000,14_s,1973-1975
2408,7792.132,67976.205,819.340,134.300,13_n,1973-1975
2409,7979.031,68252.103,818.780,63.000,12_n,1973-1975
2410,7972.738,68124.679,819.120,108.400,12_n,1973-1975
2411,8133.389,68205.428,819.420,77.000,11_n,1973-1975
2412,8138.401,67957.333,824.670,156.000,11_n,1973-1975
2413,8218.459,67783.190,830.010,123.000,11_n,1973-1975
2415,8322.575,67226.830,847.270,54.100,11_s,1973-1975
2416,8354.391,68097.309,823.590,78.100,10_n,1973-1975
2419,8567.562,68193.321,822.280,82.600,9_n,1973-1975
2420,8875.490,67567.428,849.090,75.600,9_s,1973-1975
2422,9146.102,67597.645,859.170,79.600,8_s,1973-1975
2425,9224.278,67913.927,841.690,91.700,7_n,1973-1975
2430,9520.926,67913.885,848.310,122.000,6_s,1973-1975
2434,9763.401,67981.481,842.110,122.400,5_s,1973-1975
2436,9883.797,68008.791,838.770,127.100,4-5_s,1973-1975
2438,9704.509,68455.993,825.580,54.200,4-5_n,1973-1975
2440,10051.229,68222.497,829.230,98.700,3-4_n,1973-1975
2500,6456.758,66856.875,847.460,79.600,20-21_s,1973-1975
2501,5384.245,66436.917,831.350,130.000,25_s,1973-1975
2503,7965.692,67979.264,821.200,148.800,12_n,1973-1975
2504,9908.577,67957.437,842.700,124.000,4-5_s,1973-1975
2506,8393.374,68024.754,825.070,157.200,10_n,1973-1975
2507,8403.930,67993.102,826.000,153.600,10_n,1973-1975
2508,6275.387,66938.434,842.480,106.400,21_s,1973-1975
2513,8946.483,67939.736,834.280,116.500,8_n,1973-1975
2515,8642.157,67403.193,846.640,81.700,10_s,1973-1975
2516,8673.512,67982.810,829.100,129.000,9_n,1973-1975
2518,8611.173,67475.636,845.540,93.000,10_s,1973-1975
2519,8150.434,67929.771,825.350,134.000,11_n,1973-1975
2527,6455.941,67106.001,840.720,95.000,20_s,1973-1975
2528,6025.172,66845.812,838.330,131.500,22_s,1973-1975
2533,5548.727,66669.127,837.510,145.700,24_s,1973-1975
2534,7803.456,67928.041,820.600,135.100,13_n,1973-1975
2535,5334.833,66514.620,832.180,58.300,25_s,1973-1975
2536,5929.277,66739.692,839.590,131.300,22-23_s,1973-1975
2537,5897.029,66801.191,838.040,77.000,22-23_s,1973-1975
2538,6025.417,66598.185,842.380,76.300,22-23_s,1973-1975
2539,6184.418,66824.682,842.310,106.500,21-22_s,1973-1975
2540,7974.938,67944.061,821.930,152.400,12_n,1973-1975
2541,7968.976,67830.173,824.030,126.000,12_n,1973-1975
2542,8197.053,67839.046,828.030,122.100,11_n,1973-1975
2543,8163.334,67912.568,825.730,123.000,11_n,1973-1975
2601,8405.95,68252.61,820.29,60.0,9-10_n,1977
2602,8789.09,67437.45,851.34,65.3,9-10_s,1977
2604,8519.72,67265.30,849.66,50.20,10-11_s,1977
2605,8038.51,67252.41,842.75,53.00,12_s,1977
2606,7901.28,68309.35,816.25,55.70,12-13_n,1977
2607,7801.04,68289.56,815.64,64.00,13_n,1977
2608,7692.76,68287.18,814.75,66.20,13-14_n,1977
2609,7598.60,67580.24,826.07,68.50,14_s,1977
2611,7468.03,68391.95,812.58,61.70,14-15_n,1977
2612,7605.15,67200.91,842.32,41.70,14-15_s,1977
2613,7335.50,68394.10,811.51,68.00,15_n,1977
2615,6345.57,68464.93,805.31,63.00,19_n,1977
2616,6333.70,68206.92,806.01,65.40,19_n,1977
2617,6731.78,66877.22,852.90,55.20,19-20_s,1977
2618,6217.41,68400.10,804.78,55.00,19a_n,1977
2622,6350.22,66773.49,846.36,58.10,21_s,1977
2623,6261.71,66698.58,845.40,65.30,21-22_s,1977
2624,6139.51,66630.40,843.36,48.60,22_s,1977
2625,5997.41,66643.14,841.61,54.40,22-23_s,1977
2626,6014.58,66619.38,841.93,60.30,22-23_s,1977
2627,5113.41,68137.23,799.18,48.00,23_n,1977
2628,5150.70,68027.40,800.74,39.00,23_n,1977
2629,5894.70,66530.13,842.53,57.00,23_s,1977
2630,4998.41,68078.76,798.63,42.60,23-24_n,1977
2631,5057.91,67977.58,799.97,40.00,23-24_n,1977
2632,5730.11,66574.54,840.60,47.50,23-24_s,1977
2633,5803.18,66455.18,842.58,50.00,23-24_s,1977
2634,4929.87,67934.62,799.71,29.70,24_n,1977
2635,5626.29,66492.34,840.24,48.30,24_s,1977
2636,4820.15,67856.16,801.05,38.50,24-25_n,1977
2638,5538.43,66400.70,836.33,72.50,24-25_s,1977
2639,4673.79,67827.53,801.02,56.00,25_n,1977
2640,4685.78,67796.42,801.75,33.00,25_n,1977
2641,5446.51,66320.20,826.72,35.80,25_s,1977
2642,4527.12,67771.46,800.64,49.50,25-26_n,1977
2644,4391.20,67702.17,800.39,45.00,26_n,1977
2645,4243.52,67512.38,801.97,42.50,26-27_n,1977
2646,5062.92,66056.46,829.80,83.50,26-27_s,1977
2647,4031.05,67490.60,800.56,48.10,27_n,1977
2648,4071.33,67410.25,802.02,48.10,27_n,1977
2649,3875.11,67381.36,799.96,48.20,27-28_n,1977
2651,4658.16,65870.92,828.01,58.50,27-28_s,1977
2653,4402.91,65897.66,824.06,61.20,28_s,1977
2654,3281.03,67376.21,795.76,46.00,29_n,1977
2655,4058.18,65701.34,820.77,63.70,29_s,1977
2656,3874.76,65561.27,822.03,59.70,29-30_s,1977
2657,3487.81,65573.34,815.83,64.00,30-31_s,1977
2658,3093.00,65238.12,816.43,72.30,32_s,1977
2659,1978.25,65214.73,803.05,82.00,35_s,1977
54,6855.115,68487.163,808.490,77.700,17-18_n,1958-1961
57,2090.946,65813.792,796.210,153.800,34_n,1958-1961
63,2330.182,65279.245,804.490,87.700,34_s,1958-1961
788,4798.223,66946.278,815.000,164.400,26_n,1958-1961
789,3909.825,66909.259,807.400,173.700,28_n,1958-1961
790,4131.941,66461.042,815.000,163.100,28_s,1958-1961
791,4350.339,66012.166,821.650,111.500,28_s,1958-1961
792,5512.752,66734.389,835.330,141.600,24_s,1958-1961
793,3677.426,67351.972,798.900,63.100,28_n,1958-1961
795,5084.161,67639.666,806.290,187.800,24_n,1958-1961
796,2939.014,67349.947,792.230,59.000,30_n,1958-1961
797,5297.239,67188.645,820.400,177.400,24_s,1958-1961
798,4856.627,68088.941,799.010,40.700,24_n,1958-1961
799,3280.132,66539.669,800.120,126.100,30_n,1958-1961
800,6191.864,67635.657,817.490,174.300,20_n,1958-1961
801,7984.473,68353.907,816.650,53.900,12_n,1958-1961
802,5974.922,68084.953,804.980,131.200,20_n,1958-1961
803,8169.506,67889.209,826.450,114.000,11_n,1958-1961
804,7043.475,68016.528,812.680,122.200,17_n,1958-1961
804d,7047.02,68019.49,812.680,65.00,17_n,1977
805,8647.216,68039.445,827.050,117.600,9_n,1958-1961
806,3604.157,65685.908,814.860,102.000,30_s,1958-1961
806d,3605.17,65680.53,815.97,63.00,30_s,1977
807,6415.222,67186.711,836.860,128.500,20_s,1958-1961
808,2825.200,65841.638,804.590,125.700,32_s,1958-1961
809,3023.325,65381.296,812.800,98.000,32_s,1958-1961
810,2629.131,66297.431,797.200,164.600,32_n,1958-1961
811,2227.975,67232.675,787.640,86.600,32_n,1958-1961
812,1354.606,64844.852,811.400,108.100,37_s,1958-1961
813,2425.025,66770.558,792.010,130.000,32_n,1958-1961
820,1889.785,66229.692,790.500,163.300,34_n,1958-1961
824,8532.478,68257.970,820.900,58.800,9_n,1958-1961
825,8295.984,68235.894,820.430,65.300,10_n,1958-1961
826,8458.102,67867.495,830.700,114.800,10_n,1958-1961
827,5933.437,67019.629,833.290,156.000,22_s,1958-1961
828,5541.485,67828.713,808.170,174.600,22_n,1958-1961
829,5411.074,68103.324,801.240,92.600,22_n,1958-1961
830,7607.513,68015.255,817.160,111.600,14_n,1958-1961
831,7607.720,67765.487,821.440,113.200,14_s,1958-1961
832,7608.21,68265.12,814.51,71.700,14_n,1958-1961
832d,7606.07,68271.31,814.300,73.00,14_n,1977
833,7973.982,68053.855,820.280,129.000,12_n,1958-1961
833d,7974.32,68057.38,820.280,75.000,12_n,1977
834,7608.640,67512.887,828.230,79.000,14_s,1958-1961
835,8840.463,68231.286,822.770,56.000,8_n,1958-1961
836,7964.286,67753.472,826.080,109.200,12_n,1958-1961
837,8758.758,67814.134,836.400,107.200,9_n,1958-1961
838,8267.770,67663.454,832.210,119.100,11_s,1958-1961
840,8919.877,67987.145,831.510,110.100,8_n,1958-1961
841,9182.249,67964.823,837.370,112.300,7_n,1958-1961
842,9297.009,67801.863,853.630,92.200,7_s,1958-1961
843,7305.109,67808.748,818.040,120.500,15_n,1958-1961
844,7315.169,68054.000,813.860,107.400,15_n,1958-1961
845,7949.457,67498.355,832.340,98.000,12_s,1958-1961
846,5797.021,67291.075,824.030,175.000,22_s,1958-1961
847,7329.268,68306.967,812.210,93.000,15_n,1958-1961
848,5668.892,67558.155,815.080,181.000,22_n,1958-1961
849,7054.266,68269.631,810.820,101.300,17_n,1958-1961
850,7029.874,67743.502,818.370,129.000,17_n,1958-1961
850d,7038.61,67746.92,818.370,76.000,17_n,1977
851,5304.925,68333.770,799.900,55.000,22_n,1958-1961
852,5864.634,68304.896,803.040,77.900,20_n,1958-1961
853,6685.452,67872.339,813.000,154.300,18_n,1958-1961
854,6608.212,68667.824,806.700,28.400,18_n,1958-1961
855,6629.343,68364.887,807.680,91.400,18_n,1958-1961
856,6647.742,68120.804,810.220,117.400,18_n,1958-1961
857,6313.115,68405.598,805.360,83.500,19_n,1958-1961
858,6274.485,68652.596,804.420,50.000,19_n,1958-1961
859,6081.530,67861.320,810.240,174.300,20_n,1958-1961
860,6299.304,67403.793,827.010,170.000,20_s,1958-1961
861,4973.707,67864.102,801.270,105.400,24_n,1958-1961
862,5190.685,67412.376,812.680,186.000,24_n,1958-1961
863,9046.968,67771.576,844.780,80.700,8_s,1958-1961
864,8845.859,67638.642,846.030,89.000,9_s,1958-1961
866,8598.735,67551.989,843.520,111.000,10_s,1958-1961
867,8300.082,67412.335,840.140,92.200,11_s,1958-1961
869,9790.539,67911.473,848.700,129.000,5_s,1958-1961
871,10258.430,68010.642,835.530,89.200,3_s,1958-1961
872,7788.167,67759.019,823.900,108.400,13_n,1958-1961
873,8145.203,68266.038,819.030,62.400,11_n,1958-1961
874,10763.265,68117.663,835.110,79.000,1_s,1958-1961
875,9158.821,68086.004,830.100,73.500,7_n,1958-1961
877,10086.781,68449.940,827.600,70.000,3_n,1958-1961
878,9314.394,67777.906,856.750,86.000,7_s,1958-1961
879,10638.833,68597.590,831.700,43.300,1_n,1958-1961
880,8957.353,67414.932,856.200,81.600,9_s,1958-1961
881,9122.936,67642.225,855.480,81.000,8_s,1958-1961
882,7772.203,67276.796,839.410,58.100,14_s,1958-1961
883,8702.242,67925.020,831.570,105.400,9_n,1958-1961
884,7780.756,67503.038,830.350,101.000,13_s,1958-1961
885,6906.050,67364.924,832.690,83.000,18_s,1958-1961
886,7012.886,67135.111,845.120,69.300,18_s,1958-1961
887,8810.539,67954.630,832.730,82.300,8-9_n,1958-1961
887k,8810.94,67957.520,832.250,126.400,8-9_n,1977
888,6181.650,66531.182,844.830,123.100,22_s,1958-1961
889,8902.652,67527.532,851.270,86.900,9_s,1958-1961
890,6069.065,66757.027,840.690,112.400,22_s,1958-1961
891,6650.931,66697.918,854.520,70.000,20_s,1958-1961
892,7927.093,67100.070,848.660,46.500,13_s,1958-1961
893,8331.439,67165.880,850.150,43.500,11_s,1958-1961
894,8701.037,67326.718,851.930,72.000,10_s,1958-1961
895,9224.701,67471.187,873.810,84.700,8_s,1958-1961
896,6533.484,66970.587,846.540,83.000,20_s,1958-1961
897,9843.428,67773.441,866.800,142.700,5_s,1958-1961
898,7126.960,66890.012,859.840,39.000,18_s,1958-1961
899,7497.707,67305.969,837.070,54.300,15_s,1958-1961
901,8528.710,67697.828,837.010,121.900,10_s,1958-1961
902,10346.701,67778.308,849.200,65.200,3_s,1958-1961
903,6807.573,67600.694,822.200,131.200,18_s,1958-1961
904,5641.686,66465.759,840.700,77.400,24_s,1958-1961
905,5407.603,66968.421,828.130,157.200,24_s,1958-1961
908k,4738.709,67667.695,803.400,126.400,25_n,1958-1961
910,5045.790,67034.096,820.470,172.000,25_s,1958-1961
912,1660.255,65037.473,805.940,116.400,36_s,1958-1961
913,1775.891,64659.509,811.390,76.000,36_s,1958-1961
914,3691.518,65450.756,820.430,67.500,30_s,1958-1961
915,1526.492,64376.189,821.760,55.000,37_s,1958-1961
917,1541.491,65314.600,800.950,122.100,36_s,1958-1961
918,3523.085,65906.760,810.970,116.000,30_s,1958-1961
919,3234.124,65784.292,809.400,128.700,31_s,1958-1961
920,1825.078,65519.992,798.360,129.700,35_s,1958-1961
921,3338.607,65503.644,814.650,96.700,31_s,1958-1961
921d,3345.08,65449.81,815.39,69.10,31_s,1977
922,1954.639,65249.683,803.020,111.700,35_s,1958-1961
923,3442.882,65223.780,821.460,60.600,31_s,1958-1961
924,2722.606,66067.434,800.800,164.000,32_n,1958-1961
925,2084.323,64977.483,807.630,75.000,35_s,1958-1961
926,1265.479,65086.750,806.590,127.700,37_s,1958-1961
927,2525.862,66533.587,794.660,158.000,32_n,1958-1961
928,10462.350,68211.144,832.170,78.500,2_s,1958-1961
929,10540.899,67973.746,835.450,85.500,2_s,1958-1961
930,2326.748,67001.863,789.870,114.900,32_n,1958-1961
931,9949.332,68148.783,831.170,108.000,4_n,1958-1961
932,3103.671,65196.268,817.790,77.600,32_s,1958-1961
933,2711.348,65276.294,810.330,92.000,33_s,1958-1961
934,10023.343,67962.734,842.460,111.000,4_s,1958-1961
935,2373.380,65186.368,806.740,85.600,34_s,1958-1961
936,9890.262,68310.570,827.500,93.700,4_n,1958-1961
937,10169.712,68238.902,829.980,87.300,3_n,1958-1961
938,10387.670,68431.330,830.620,61.400,2_n,1958-1961
939,9408.072,68161.817,829.830,86.000,6_n,1958-1961
941,5196.626,66279.010,820.310,111.500,26_s,1958-1961
942,3793.501,67133.248,802.290,128.800,28_n,1958-1961
943,2585.708,65548.838,804.940,120.700,33_n,1958-1961
944,4238.807,66238.887,818.970,147.200,28_s,1958-1961
945,1989.513,66021.899,793.010,142.500,34_n,1958-1961
946,2460.099,65823.511,800.220,129.600,33_n,1958-1961
947,9655.309,68254.459,827.740,86.500,5_n,1958-1961
948,4018.547,66687.719,811.560,177.100,28_n,1958-1961
949,3113.921,66110.564,803.980,158.000,31_s,1958-1961
950,10702.668,68320.945,833.690,62.800,1_n,1958-1961
951,9730.650,68070.531,836.200,117.800,5_n,1958-1961
952,8045.165,67296.319,840.740,63.400,12_s,1958-1961
953,9373.401,67696.228,868.340,129.500,7_s,1958-1961
954,8319.705,67290.137,844.750,64.000,11_s,1958-1961
954d,8313.05,67296.50,844.77,63.5,11_s,1977
955,9573.411,67795.835,863.130,133.400,6_s,1958-1961
956,7495.81,67140.13,845.780,42.600,15_s,1958-1961
956d,7491.63,67139.24,845.70,45.20,15_s,1977
957,9433.367,67614.457,884.070,117.400,7_s,1958-1961
958,7247.437,67096.598,847.950,60.000,17_s,1958-1961
959,9619.397,67697.078,881.000,128.000,6_s,1958-1961
960,9582.161,68441.356,825.440,39.100,5_n,1958-1961
961,3629.534,67441.064,797.570,42.400,28_n,1958-1961
962,2971.549,66486.184,798.360,165.500,31_n,1958-1961
963,4282.651,67034.509,808.470,174.000,27_n,1958-1961
964,4116.289,67343.459,802.820,99.600,27_n,1958-1961
965,2847.475,66813.831,795.070,143.200,31_n,1958-1961
966,4449.461,66726.862,814.730,164.300,27_n,1958-1961
967,2724.970,67141.377,791.780,70.500,31_n,1958-1961
968,9491.292,67981.815,841.560,125.000,6_n,1958-1961
969,4617.204,66418.783,822.390,143.400,27_s,1958-1961
970,8371.948,68052.928,824.500,134.600,10_n,1958-1961
971,8113.929,68027.084,822.530,145.000,11_n,1958-1961
972,7797.819,68083.335,817.740,116.500,13_n,1958-1961
973,7605.229,68139.399,815.440,100.700,14_n,1958-1961
974,7166.837,67777.639,818.250,122.500,16_n,1958-1961
975,7182.233,67339.949,835.780,60.000,17_s,1958-1961
976,7047.898,68153.239,811.400,126.000,17_n,1958-1961
976d,7047.26,68158.340,811.46,61.60,17_n,1977
977,6638.453,68238.206,808.560,97.200,18_n,1958-1961
978,3637.896,66575.801,806.460,176.000,29_n,1958-1961
979,5918.324,68196.460,803.980,100.500,20_n,1958-1961
979a,5923.29,68182.22,803.49,67.00,20_n,1977
980,7337.216,68444.729,811.740,65.100,15_n,1958-1961
981,3008.492,67174.412,794.630,85.800,30_n,1958-1961
982,3178.350,66769.213,798.250,156.400,30_n,1958-1961
985,9615.980,67362.940,954.400,142.500,7_s,1958-1961
986,2655.237,67327.976,790.810,73.000,31_n,1958-1961
987,3933.174,65954.967,815.010,108.600,29_s,1958-1961
988,3784.553,66263.148,809.710,159.000,29_s,1958-1961
989,3351.288,67212.925,798.100,79.700,29_n,1958-1961
990,3494.632,66894.398,801.730,139.600,29_n,1958-1961
991,3365.665,66322.255,803.970,165.000,30_n,1958-1961
993,6355.316,68049.139,807.370,137.200,19_n,1958-1961
994,6586.725,67410.362,828.640,132.000,19_s,1958-1961
995,5816.474,67841.667,809.560,180.800,21_n,1958-1961
996,2338.787,66119.327,796.170,154.000,33_n,1958-1961
997,6718.976,67139.315,842.730,76.300,19_s,1958-1961
998,4087.424,65636.066,821.680,67.100,29_s,1958-1961
999,4461.851,65789.675,825.260,60.000,28_s,1958-1961
DH_1,10569.654,68523.072,831,50,,
DH_2,10626.614,68306.909,833,50,,
DH_3,10685.422,68105.021,835.3,50,,
DH_938-1,10372.507,68492.839,830.28,55,,
DH_938-2,10351.313,68578.815,828.85,55,,
DH_2192-1,10518.678,68031.683,834.6,55,,
DH_2192-2,10527.379,68008.924,835.05,55,,
DH_2192-3,10532.826,67994.75,835.19,55,,
DH_929-1,10557.066,67934.006,836.680,90,,
DH_929-2,10563.726,67914.181,837.260,80,,
DH_929-3,10574.146,67883.163,838.310,70,,
DH_929-4,10576.435,67876.347,838.380,70,,
DH_877-1,10069.376,68492.386,826.920,65,,
DH_877-2,10062.43,68519.08,826.20,60,,
DH_877-3,10029.69,68612.051,824.31,50,,
DH_1074-1,10296.593,67905.824,840.75,85,,
DH_1074-2,10311.970,67865.788,843.200,75,,
DH_1074-3,10324.505,67834.216,845.400,60,,
DH_1074-4,10338.870,67798.033,847.830,35,,
DH_1081-1,9963.032,68468.398,827.200,65,,
DH_1081-2,9955.27,68496.98,826.58,60,,
DH_1081-3,9928.651,68582.316,825.81,50,,
DH_2189-1,10199.049,67807.920,850.810,60,,
DH_1077-1,9845.418,68415.601,827.750,70,,
DH_1077-2,9840.56,68432.05,827.81,65,,
DH_1077-3,9813.442,68503.39,826.21,50,,
DH_934-1,10015.239,67980.272,840.87,80,,
DH_934-2,10030.643,67943.645,844.15,80,,
DH_1061-1,10055.621,67880.021,849.13,95,,
DH_1061-2,10068.044,67849.913,851.63,95,,
DH_1071-1,10081.744,67816.485,855.390,100,,
DH_1071-2,10087.202,67802.475,857.800,105,,
DH_1071-3,10098.567,67773.299,861.414,95,,
DH_1062-1,9722.886,68404.789,826.200,35,,
DH_1062-2,9718.319,68417.515,826.191,30,,
DH_1062-3,9710.326,68440.932,825.71,50,,
DH_2504-1,9910.940,67947.876,843.950,85,,
DH_2504-2,9915.301,67930.231,846.258,85,,
DH_2504-3,9917.366,67921.878,847.117,85,,
DH_1063-1,9926.836,67883.566,851.058,110,,
DH_1063-2,9938.254,67854.719,853.370,110,,
DH_2182-1,9958.141,67817.109,855.197,80,,
DH_2182-2,9969.909,67790.147,855.389,75,,
DH_1060-1,9589.90,68423.52,826.01,55,,
DH_1060-2,9593.003,68416.374,826.720,55,,
DH_1060-3,9599.436,68401.552,826.720,55,,
DH_1060-4,9611.056,68374.779,827.100,55,,
DH_869-1,9779.463,67940.058,846.09,110,,
DH_2179-1,9801.737,67886.776,850.48,120,,
DH_2179-2,9814.414,67856.577,854.56,130,,
DH_1064-1,9835.036,67823.02,859.26,115,,
DH_2180-1,9844.818,67801.218,860.65,110,,
DH_2180-2,9844.52,67787,863.91,100,,
DH_1059-1,9459.548,68382.028,822.200,25,,
DH_1059-2,9477.163,68338.963,824.000,35,,
DH_1059-3,9453.549,68407.817,820.84,35,,
DH_2173-1,9567.159,68132.203,832.000,110,,
DH_2173-2,9590.346,68075.471,834.300,120,,
DH_2173-3,9616.633,68011.159,841.900,140,,
DH_2178-1,9625.989,67988.269,842.727,40,,
DH_2178-2,9668.196,67894.559,851.238,135,,
DH_2174-1,9718.923,67775.674,868.35,145,,
DH_2174-2,9727.605,67748.326,874.42,150,,
DH_2174-3,9735.513,67724.092,879.26,145,,
DH_2175-1,9744.2,67697.268,883.78,115,,
DH_2175-2,9748.908,67682.281,886.02,110,,
DH_1057-1,9302.08,68371.20,824.39,55,,
DH_1057-2,9319.375,68339.413,824.920,45,,
DH_1057-3,9340.293,68300.976,825.760,55,,
DH_968-1,9478.202,68016.804,836.57,35,,
DH_1073-1,9648.224,67643.218,895.125,125,,
DH_1073-2,9661.927,67614.943,899.960,115,,
DH_1073-3,9670.268,67600.303,902.5,100,,
DH_1055-3,9254.685,68208.014,824.83,65,,
DH_1055-2,9238.4769,68253.428,826.23,55,,
DH_1055-1,9226.42,68287.211,827.9,55,,
DH_2167-1,9311.395,68028.853,839.14,105,,
DH_2167-2,9357.282,67956.083,848.36,100,,
DH_2167-3,9442.482,67820.97,864.73,115,,
DH_2168-1,9488.095,67744.421,874.26,120,,
DH_2168-2,9538.385,67649.485,883.86,115,,
DH_2168-3,9546.845,67632.851,884.5,110,,
DH_2165-1,9132.64,68209.00,824.89,55,,
DH_2165-2,9133.997,68197.699,825.352,60,,
DH_2165-3,9136.832,68174.079,825.994,70,,
DH_2162-1,8992.164,68216.916,825.045,40,,
DH_2162-2,8980.223,68272.635,822.26,50,,
DH_2163-1,9100.319,67928.825,836.91,125,,
DH_2164-1,9296.744,67617.156,870.68,85,,
DH_2158-1,8854.831,68182.787,823.889,55,,
DH_2158-2,8842.299,68225.09,823.02,50,,
DH_840-1,8929.718,67969.609,832.535,110,,
DH_1066-1,9181.822,67554.371,864.87,70,,
DH_2155-1,8719.689,68232.441,823.000,60,,
DH_2155-2,8731.029,68189.204,823.900,80,,
DH_887-1,8848.876,67887.283,836.843,80,,
DH_887-2,8889.045,67816.719,840.148,80,,
DH_887-3,8929.213,67746.155,843.452,85,,
DH_1067-1,8988.773,67641.096,849.392,70,,
DH_1067-2,8999.781,67621.420,850.760,70,,
DH_1069-1,9048.988,67532.478,855.38,70,,
DH_2419-1,8546.129,68232.816,821.000,55,,
DH_2420-1,8871.480,67577.066,848.774,75,,
DH_889-1,8888.486,67548.340,850.508,60,,
DH_889-2,8895.063,67538.680,851.027,68,,
DH_889-3,8920.360,67491.081,852.675,70,,
DH_889-4,8933.839,67463.336,853.959,60,,
DH_2601-1,8383.872,68321.304,819.25,50,,
DH_2150-1,8533.749,67981.301,828.156,140,,
DH_2151-1,8726.027,67594.602,846.151,75,,
DH_2151-2,8745.642,67554.040,847.729,70,,
DH_2151-3,8755.243,67532.882,848.442,70,,
DH_1068-1,8781.821,67474.307,850.288,65,,
DH_2602-1,8808.489,67421.536,852.397,70,,
DH_2602-2,8816.754,67405.532,852.883,65,,
DH_825-1,8289.125,68255.411,820.138,70,,
DH_2515-1,8636.103,67417.130,847.858,70,,
DH_2515-2,8658.881,67381.471,848.345,70,,
DH_894-1,8691.872,67338.622,851.772,70,,
DH_2143-1,8228.612,68206.117,819.938,70,,
DH_2143-2,8205.903,68310.6,815.98,50,,
DH_2604-1,8545.309,67225.111,851.21,55,,
DH_2411-1,8143.65,68258.09,819.30,70,,
DH_2415-1,8328.526,67185.907,848.798,50,,
DH_2415-2,8329.95,67176.10,849.20,55,,
DH_2409-1,7980.766,68284.569,817.28,60,,
DH_1088-1,8083.776,67115.198,847.89,55,,
DH_2282-1,7893.062,68273.482,817.832,70,,
DH_2282-2,7898.13,68300.576,816.67,70,,
DH_2607-1,7802.13,68315.49,816.03,65,,
DH_1086-1,7911.724,67156.763,846.000,30,,
DH_2608-1,7694.68,68313.82,815.48,65,,
DH_1086-2,7973.82,67156.38,843.40,40,,
DH_832-1,7605.16,68342.56,813.97,70,,
DH_832-2,7606.064,68328.294,814.497,60,,
DH_BW2121,7737.324,67050.514,849.79,50,,
DH_2611-1,7468.47,68424.00,810.32,70,,
DH_980-1,7339.381,68498.799,811.08,55,,
DH_2128-1,7179.22,68527.79,809.90,65,,
DH_2128-2,7183.488,68498.343,810.121,60,,
DH_2127-1,7406.992,66946.748,856.27,55,,
DH_2122-1,7062.267,68602.885,809.48,55,,
DH_2122-2,7059.247,68529.669,809.481,60,,
DH_2393-1,7294.122,66909.912,858.84,55,,
DH_2118-1,6953.14,68538.81,807.82,60,,
DH_2118-2,6953.490,68502.849,808.935,55,,
DH_1028-1,6608.658,68650.94,806.76,55,,
DH_2385-1,6875.433,67427.402,829.66,110,,
DH_2385-2,6896.724,67384.963,831.81,95,,
DH_2266-1,6740.737,68622.671,806.96,55,,
DH_1026-1,6438.413,68616.014,805.36,55,,
DH_BW1051,6990.445,66855.262,859.63,55,,
DH_1024-1,6279.305,68605.128,804.30,55,,
DH_2377-1,6864.32,66843.60,856.57,55,,
DH_1035-1,6050.69,68476.30,807.67,70,,
DH_2617-1,6764.61,66817.67,864.73,55,,
DH_2094-1,5920.55,68435.31,802.73,65,,
DH_852-1,5824.50,68381.87,803.16,70,,
DH_1106-1,6616.35,66802.90,852.04,55,,
DH_2086-1,5711.25,68314.56,801.59,65,,
DH_2092-1,6527.79,66771.51,850.51,55,,
DH_1029-1,5575.01,68307.19,801.37,65,,
DH_2622-1,6373.12,66724.50,847.35,55,,
DH_2077-1,5439.77,68309.22,800.28,55,,
DH_2623-1,6273.501,66689.608,844.88,55,,
DH_2368-1,5320.90,68296.57,800.79,55,,
DH_2624-1,6139.89,66615.03,843.40,55,,
DH_2538-1,6030.04,66589.76,843.01,55,,
DH_2629-1,5900.67,66510.47,842.92,55,,
DH_1098-1,5096.005,68194.854,799.3,35,,
DH_2630-1,4982.29,68139.39,799.21,55,,
DH_2633-1,5821.66,66439.63,842.37,55,,
DH_2361-1,4876.68,68043.05,799.39,55,,
DH_1111-1,5696.11,66346.70,842.13,55,,
DH_2050-1,5579.93,66315.61,838.55,55,,
DH_1114-1,5472.83,66268.79,824.42,55,,
DH_2642-1,4518.58,67806.03,800.50,55,,
DH_2256-1,5396.599,66223.432,818.42,55,,
DH_2644-1,4376.99,67747.20,801.33,55,,
DH_1115-1,5266.58,66164.23,823.10,55,,
DH_2193-1,4210.10,67602.82,800.56,55,,
DH_2646-1,5100.43,66005.68,830.11,60,,
DH_2647-1,4007.32,67539.84,801.06,55,,
DH_1117-1,4873.74,65961.75,829.13,65,,
DH_2198-1,3796.159,67513.406,797.16,55,,
DH_2651-1,4676.44,65837.96,828.57,60,,
DH_999-1,4475.93,65767.01,824.93,60,,
DH_2341-1,3237.46,67482.70,794.19,55,,
DH_2655-1,4076.03,65665.02,820.80,65,,
DH_2220-1,3002.68,67562.80,792.40,55,,
DH_2656-1,3906.87,65498.50,822.74,70,,
DH_796-1,2878.94,67494.27,790.86,55,,
DH_914-1,3707.35,65407.58,821.48,70,,
DH_914-2,3686.798,65463.55,820.15,58,,
DH_2331-1,3564.80,65352.76,820.28,65,,
DH_986-1,2607.29,67462.46,789.74,55,,
DH_986-2,2618.432,67432.463,790.233,45,,
DH_986-3,2633.803,67388.828,790.800,60,,
DH_1128-1,3416.96,65293.50,819.92,65,,
DH_2016-1,3257.42,65269.61,818.59,75,,
DH_811-1,2156.35,67391.38,785.08,60,,
DH_811-2,2201.69,67290.93,787.12,80,,
DH_2011-1,2927.15,65172.19,815.41,65,,
DH_1129-1,2772.11,65128.48,812.71,70,,
DH_2007-1,2597.94,65160.68,810.20,75,,
DH_935-1,2385.77,65165.987,807.09,60,,
DH_1107-1,2030.336,65089.255,805.31,65,,
DH_925-1,2066.142,65014.017,806.87,65,,
DH_913-1,1784.149,64635.837,811.95,80,,
DH_915-1,1571.50,64254.88,825.18,55,,
